[
  {
    "id": 1,
    "name": "Messi",
    "playerImage": "messi",
    "position": "RW",
    "pac": 87 ,
    "sho": 92,
    "pas": 92,
    "dri": 96,
    "def": 39,
    "phy": 66
  },
  {
    "id": 2,
    "name": "Cristiano Ronaldo",
    "playerImage": "cristiano",
    "position": "ST",
    "pac": 90,
    "sho": 93,
    "pas": 82,
    "dri": 89,
    "def": 35,
    "phy": 78
  },
  {
    "id": 3,
    "name": "Neymar JR",
    "playerImage": "neymar",
    "position": "LW",
    "pac": 91,
    "sho": 85,
    "pas": 87,
    "dri": 95,
    "def": 32,
    "phy": 68
  },
  {
    "id": 4,
    "name": "Hazard",
    "playerImage": "hazard",
    "position": "LW",
    "pac": 91,
    "sho": 83,
    "pas": 86,
    "dri": 94,
    "def": 35,
    "phy": 66
  },
  {
    "id": 5,
    "name": "De Bruyne",
    "playerImage": "bruyne",
    "position": "CAM",
    "pac": 76,
    "sho": 86,
    "pas": 92,
    "dri": 87,
    "def": 61,
    "phy": 78
  },
  {
    "id": 6,
    "name": "Oblak",
    "playerImage": "oblak",
    "position": "GK",
    "pac": 87,
    "sho": 92,
    "pas": 78,
    "dri": 89,
    "def": 50,
    "phy": 90
  },
  {
    "id": 7,
    "name": "Salah",
    "playerImage": "salah",
    "position": "RW",
    "pac": 93,
    "sho": 86,
    "pas": 81,
    "dri": 89,
    "def": 45,
    "phy": 74
  },
  {
    "id": 8,
    "name": "Modric",
    "playerImage": "modric",
    "position": "CM",
    "pac": 74,
    "sho": 76,
    "pas": 89,
    "dri": 90,
    "def": 72,
    "phy": 66
  },
  {
    "id": 9,
    "name": "Van Dijk",
    "playerImage": "dijk",
    "position": "CB",
    "pac": 77,
    "sho": 60,
    "pas": 70,
    "dri": 72,
    "def": 90,
    "phy": 86
  }
]